{
    "area": 81974.0,
    "centroid_x": 344.7024422377827,
    "centroid_y": 238.77234245004513
}