{
    "area": 19661.0,
    "centroid_x": 369.6747367885662,
    "centroid_y": 308.9057016428462,
    "alpha_degrees": 54.101719048793235
}