{
    "area": 19755.0,
    "centroid_x": 349.4675272083017,
    "centroid_y": 233.5751455327765,
    "alpha_degrees": -2.184318272486514
}