{
    "area": 16771.0,
    "centroid_x": 328.4985987716892,
    "centroid_y": 220.9109176554767
}