{
    "area": 65692.0,
    "centroid_x": 375.9278907629544,
    "centroid_y": 228.89179808804724
}