{
    "area": 17009.0,
    "centroid_x": 373.4810982421071,
    "centroid_y": 218.40719619025222
}